Class_70,Class_60,Class_50,Class_40,Class_30,Class_20,Class_sum,Class_100,Class_111,Class_122,Class_112,Class_123,Class_200,Class_121,Class_115,Class_126,Class_116,Class_113,Class_124,Class_114,Class_125,Class_0,Class_90,Class_80,name,system:index,id
0.0,0.4490864975701701,4.445287639789337E-4,0.006966871678985261,0.10358165137658507,0.41907292343887786,167458.23,0.0,0.0,0.0,0.0,0.0,0.01728837095674545,0.0,0.0,0.0016416631180205356,0.0019174930966366955,0.0,0.0,0.0,0.0,0.0,0.0,0.0,Somaliland,0000000000000000001b,-99
0.0,0.001116038960867231,0.04344089092702639,0.46439650589887416,0.17902904610404552,0.09601902026589232,3781.23,0.0,0.05132192434736845,0.0,0.0,0.0,0.12969589260637412,0.018509849969454383,0.0,0.009975589953533637,0.0022558797005207297,0.0,0.0,0.0,0.0,0.0,0.0,0.0042393612660430605,Northern Cyprus,00000000000000000057,-99
0.007617115650081334,0.5501958905451115,0.0014731267018046677,0.06415155499790554,0.3563130173251633,0.004941522890240524,652292.8400000001,0.0,0.0014085851379267015,0.0,0.0,0.0,0.0,1.5039257521207805E-5,0.0,0.011696740378140589,0.00105575281188124,0.0,0.0,1.2417735567969747E-6,0.0,0.0,1.3030957077499116E-4,0.0010001029598914499,Afghanistan,00000000000000000031,AFG
0.0,0.013825397939650002,0.001106276323227345,0.040335380746774466,0.18394192171788037,0.13140800060656166,1245050.6,0.0,0.0,4.018310581112125E-5,0.026019440495028877,0.0,0.012951561968646092,0.0,0.0,0.12366311859132471,0.005448734372723486,0.0,0.15593416042689348,0.29095700206883157,0.0,0.0,0.013910559137114586,4.5826249953214744E-4,Angola,00000000000000000032,AGO
0.0,4.223015637281348E-4,0.017328844947973394,0.1569234219762501,0.13728740955371413,0.15250070551975758,29694.42,0.0,0.03576227452834573,0.0,0.0,0.0,0.046084752623556886,1.771376575127583E-4,0.01832970638928122,0.20459399442723583,0.05273145594357458,0.0,0.0020451653879752494,0.15267986375891499,1.512068597399781E-4,0.0,0.002309524819814632,0.020672234042624846,Albania,00000000000000000033,ALB
0.0,0.9258867095035507,0.019020571100697332,0.0036179856934936984,1.3607274806474315E-4,8.721650886059753E-4,80030.72,0.0,0.0,0.0,0.0,0.0,0.04542643125039985,0.0,0.0,0.0035310190886699505,2.2866219371761243E-5,0.0,0.0,0.0,0.0,0.0,0.0,0.0014861793071460558,United Arab Emirates,00000000000000000034,ARE
0.001526604702839203,0.18350308644846267,0.0029915546361998324,0.1530992473851457,0.20978711050209034,0.26834130626556185,2784375.02,0.0,0.0,7.367254717002885E-4,0.02037323262582639,0.0,0.006129450909956806,0.0,2.2116273690747305E-5,0.03171031537267562,0.029869496530679263,0.0,3.987896716585254E-4,0.049400306715867606,0.0,3.196408506782251E-7,0.03139846082946111,0.010711876017333326,Argentina,00000000000000000035,ARG
0.0,0.0023981995871842775,0.027060657097609405,0.1395431654977669,0.6491251407008928,8.668990500769488E-4,28642.320000000007,0.0,9.583720871772954E-4,0.0,0.0,0.0,0.0,1.626963178960363E-4,2.3706180225624174E-4,0.020650212692267942,0.017544668169338234,0.0,0.0016419759293241605,0.09316144781567971,0.0,0.0,1.061366537347533E-4,0.04654336659879506,Armenia,00000000000000000036,ARM
0.0,0.0,0.0,0.0,0.0,0.0,0.0,0.0,0.0,0.0,0.0,0.0,0.0,0.0,0.0,0.0,0.0,0.0,0.0,0.0,0.0,0.0,0.0,0.0,French Southern and Antarctic Lands,00000000000000000037,ATF
0.0,0.012711279085515125,0.0015187720385265598,0.04771013961786135,0.525177372621871,0.15709620766250665,7687361.7,0.0,0.0,7.052029306751625E-4,0.04400114411163976,0.0,0.008479662144686128,0.0,0.0,0.030303937695555547,9.058972729226465E-4,0.0,0.11010376811071605,0.057274553635221825,5.165621386073196E-6,2.8896780022722228E-5,0.0022139832447327147,0.0017640174261606553,Australia,00000000000000000038,AUS
0.005092703541538678,0.009455409813368223,0.03689700738729969,0.23448732295274313,0.16344581277632733,4.954014638261141E-4,85082.51000000001,0.0,0.3192539806359732,0.0,0.0,0.0,0.0,0.0016771954659071527,0.10561571349975452,0.05189938566692495,0.004020802865359755,0.0,4.849410295958593E-4,0.046666935425388835,0.011250725912999039,0.0,0.0016005639701978701,0.00765609759279551,Austria,00000000000000000039,AUT
6.562218389750122E-5,0.01586838779681967,0.02838214321613665,0.4270808048308462,0.329980712784211,0.005722737274673392,91127.72,0.0,7.31939743472129E-4,0.0,0.0,0.0,0.0,8.339943104030256E-6,7.516922402974637E-5,0.03292664405517882,0.020011912950307548,0.0,1.334390896644841E-4,0.09925026106216638,2.4580884938194438E-5,0.0,0.0035377819175109394,0.03619952304304332,Azerbaijan,0000000000000000003a,AZE
0.0,0.0,0.006248163453846332,0.6568053110532733,0.023947990156303178,0.06634243091442181,26238.11,0.0,0.0,0.0,0.007819923005124988,0.0,0.0,0.0,0.0,0.13489005115078792,0.010410429714640268,0.0,0.009331464804439039,0.0035364589903769746,0.0,0.0,0.005310595923258192,0.07535718083352802,Burundi,0000000000000000003b,BDI
0.0,0.0,0.14826233425712343,0.4663522461375065,0.06404719626943695,0.0,30129.499999999996,0.0,0.05447982873927547,0.0,0.0,0.0,0.004772399143696378,8.041952239499495E-4,0.07993494747672548,0.053638460644882924,3.0335717486184644E-4,0.0,1.2811364277535308E-4,0.07465374466884617,0.04772531903947959,0.0,0.0010026718000630613,0.003895185781377056,Belgium,0000000000000000003c,BEL
0.0,0.0,0.011164506614691741,0.30390135909377913,0.021608041446603603,0.22751185586171432,116994.86999999998,0.0,0.0,0.0,1.624002830209564E-4,0.0,0.012249596926771236,0.0,0.0,0.3166943131780052,0.006455069354750342,0.0,0.07054069977598164,0.023288115111371983,0.0,0.0,0.004159584091165707,0.002264458262144315,Benin,0000000000000000003d,BEN
0.0,0.00934278989894103,0.004395682163985997,0.38525773162092425,0.2142255204658751,0.29776793047177486,271586.97,0.0,0.0,0.0,0.0,0.0,0.0,0.0,0.0,0.08005652848514788,6.833906648761536E-5,0.0,0.003034792133068829,3.1927157624682807E-4,0.0,0.0,0.00374752883026752,0.001783885287280167,Burkina Faso,0000000000000000003e,BFA
0.0,0.006878314354329219,0.036583616282088866,0.6355591619887325,0.00295310358470038,0.001469262670568253,133760.97,0.0,0.007139825615798091,0.005456449665399406,0.1880873770577471,0.0,0.0075407646939163195,0.0,0.0,0.05100815282664293,0.004487930971194362,0.0,0.0,2.4790490080925696E-4,0.0,0.0,0.011592395001322134,0.040995740386751085,Bangladesh,0000000000000000003f,BGD
0.0,2.0324849160583728E-5,0.026381291266702668,0.47347407565489563,0.029484369465108035,0.012680437477860431,110209.92000000001,0.0,0.05366667537731631,0.0,0.0,0.0,0.0055955035626557015,1.548862389156983E-4,0.02680312262271853,0.07377112695481496,0.008281196465799084,0.0,0.002680793162720742,0.27830815955587296,9.273212429516327E-5,0.0,0.0016121960709163021,0.006993109150247092,Bulgaria,00000000000000000040,BGR
0.0,0.0,0.0016009917807199522,1.7132857933957002E-4,0.05569141348644675,0.030402801831868272,15584.09,0.0,5.7751206518956196E-5,0.0,0.0,0.0,0.5296863660309971,0.0,0.0,0.011853755978051973,0.06755415298551279,0.0,0.0,0.0,0.0,0.0,0.21514891148600912,0.0878325266345356,The Bahamas,00000000000000000041,BHS
0.0,0.0,0.013930156181031373,0.18361990034731046,0.07208519439545498,0.024236847627172965,50611.78,0.0,0.0652719584254891,0.0,0.0,0.0,0.0,8.535562274237343E-5,0.0753781036746781,0.1102411335858964,0.014469753879432813,0.0,0.007379507300474317,0.4282593894148754,3.9753590962420215E-4,0.0,8.069267668515118E-4,0.0038382368689660784,Bosnia and Herzegovina,00000000000000000042,BIH
0.0,0.0,0.017463607135341362,0.4279077427318487,0.021177376218027094,0.0,208941.37,0.0,0.1733807909845714,0.0,0.0,0.0,0.0,7.045038519657453E-5,0.14677629423029054,0.048694282037109266,0.002950827784847012,0.0,0.0011541993813862712,0.11364393753137542,0.01105568514267902,0.0,0.027479239750366338,0.008245566686961036,Belarus,00000000000000000043,BLR
0.0,0.0,0.0023688405382920213,0.14015987632311674,0.007021693353546955,0.013509921277558977,22044.54,0.0,0.0,0.005304261281931943,0.5916812054141297,0.0,0.01984890589687968,0.0,0.0,0.08623042258990209,0.002893233426508333,0.0,0.0,0.0,0.0,0.0,0.11973803944196613,0.011243600456167378,Belize,00000000000000000044,BLZ
0.0,0.0,0.0,0.0,0.0,0.0,16.91,0.0,0.0,0.0,0.0,0.0,1.0,0.0,0.0,0.0,0.0,0.0,0.0,0.0,0.0,0.0,0.0,0.0,Bermuda,00000000000000000045,BMU
5.159044364298307E-4,0.08736750311449222,0.0010384712332272314,0.020911343076745102,0.24225138462370355,0.04586575290413025,1085200.98,0.0,0.0,2.748062391171081E-4,0.437398591365076,0.0,0.0,0.0,0.0,0.03734957924568037,0.06161222781055726,0.0,0.0011675809581373582,0.026854887285486972,0.0,1.2366372909099289E-5,0.028036364287101916,0.009343237047205764,Bolivia,00000000000000000046,BOL
0.0,2.0493585257703371E-4,0.0036732827553473298,0.07290853761934403,0.20681285196919352,0.1007950964314839,8508223.319999998,0.0,0.0,0.0022965558454570516,0.44607738622450743,0.0,0.006712577685372745,0.0,0.0,0.07307311839576869,0.062460949837879906,0.0,8.906677357876405E-6,3.0589229996844986E-4,0.0,1.787682272542889E-6,0.013382764616949433,0.011285356106520253,Brazil,00000000000000000047,BRA
0.0,0.0,0.024710894591027543,0.0015749842034225294,0.004963303335414618,0.0,10698.52,0.0,0.0,0.0015123587187760548,0.6884279320878027,0.0,0.24909146311826305,0.0,0.0,0.015947065575425388,0.0045052960596418945,0.0,0.0,0.0,0.0,0.0,0.0013805647884006385,0.007886137521825449,Brunei,00000000000000000048,BRN
0.030047138642258796,0.04593465398733184,2.0366981516837298E-4,0.005459976341795535,0.12475868174331205,0.0023688678751752905,39377.46,0.0,0.40589387939191607,1.800522430852574E-4,0.33035066253638506,0.0,0.0,0.0011204379358140419,0.0,0.048824378210275625,0.0034113424278762526,0.0,2.260176253115361E-5,4.94953204193465E-4,0.0,0.0,1.1250090787978707E-4,8.162029750014349E-4,Bhutan,00000000000000000049,BTN
0.0,0.009050022966153964,0.0022352213964948854,0.011813935566236828,0.060747352506236876,0.8016514614306133,591914.52,0.0,0.0,0.0,0.0,0.0,0.0,0.0,0.0,0.03141500904556286,2.152506750467956E-4,0.0,0.06100049716638139,0.0025475806878331015,0.0,0.0,0.018573289940581283,7.503786188586825E-4,Botswana,0000000000000000004a,BWA
0.0,0.0,5.451783795965725E-4,0.0059216847502683075,0.01694382112166837,0.07222366410592088,621833.17,0.0,0.0,9.087646450252886E-5,0.14435571199908812,0.0,0.0,0.0,0.0,0.1290294147544429,0.003649821382156246,0.0,0.1913168768401338,0.43423751421944884,0.0,0.0,8.44084917502873E-4,8.413510652704485E-4,Central African Republic,0000000000000000004b,CAF
0.01465497436703202,0.017088510691971086,0.0015236999487443531,0.04192653112786912,0.18890112204684892,0.06964690788031468,9903747.79,0.10327705548325561,0.26700350171174947,0.0,0.0,0.0,0.026632045321905357,0.01426474431655534,0.03815539712971629,0.08067326601417826,0.007059737533966422,0.0,4.2141925344809294E-4,0.019235262654038167,1.1478079047487538E-4,0.007447732067094573,0.009584675621066074,0.09238863603977138,Canada,0000000000000000004c,CAN
0.0334914291889897,0.03543739648850904,0.05539325324365784,0.1217415335261902,0.32995700246099346,0.0013551382741338388,46172.41,0.0,0.1478696910124466,0.0,0.0,0.0,0.0,0.0010696864209600494,0.09126532489857037,0.08045692221826843,0.006603727204189688,0.0,8.418447293524422E-4,0.046247098646139545,0.01541786534426078,0.0,2.479835902002949E-4,0.03260410275313764,Switzerland,0000000000000000004d,CHE
0.03612348461200378,0.3845144556290931,0.0027456440558638003,0.055501229909452485,0.12539109864214162,0.06414249620517301,815043.7399999998,0.0,0.0,3.112593687303212E-4,0.1259723189825371,0.0,0.09571567287910221,0.0,0.003209116114430866,0.014465383170724069,0.017129301551349875,0.0,4.2897084271820813E-4,0.04058810389734422,0.0,0.0,0.0014617006935112467,0.0322997634458244,Chile,0000000000000000004e,CHL
0.0064759325524850345,0.2607763223888613,0.021293058905007493,0.1862790990007456,0.24444161152915397,0.004408811389108169,9409545.190000003,0.0,0.03088341616222154,0.014889428465564333,0.11091480501195188,6.788850971021266E-6,0.004100339519172869,1.5184580881958648E-4,1.13916239133339E-4,0.03692437126177401,0.006280025102892352,0.012538058707171154,8.396006226099008E-4,0.042459745070845434,0.0,1.572870920023712E-7,0.004342699798437334,0.011879966325981369,China,0000000000000000004f,CHN
0.0,0.0,0.005642731941990444,0.02678529306575004,0.01168258443556672,0.02509063310924229,329824.28,0.0,0.0,0.018272699632665004,0.1544321721857469,0.0,0.013309026248764948,0.0,0.0,0.567718392351224,0.02572751769517999,0.0,0.11657386169386923,0.027704358211590726,0.0,0.0,0.0039934597901646295,0.003067269638244946,Ivory Coast,00000000000000000050,CIV
0.0,1.7053799501803118E-5,0.004005774568583409,0.055924253148946064,0.05500141448775231,0.07327402840159322,460307.98,0.0,0.0,3.32625126333895E-4,0.5072674820888398,0.0,0.014183634183356978,0.0,0.0,0.09611938511255008,0.011187444545280315,0.0,0.10547959650840727,0.06372311859551077,0.0,0.0,0.010773678092654402,0.0027105113406897707,Cameroon,00000000000000000051,CMR
0.0,6.7185852479210245E-6,0.0012869598531304353,0.013157899437292016,0.147823638264897,0.02149856894779823,2323405.81,0.0,0.0,1.6400062286148797E-4,0.5653479793958164,0.0,3.413308155582171E-4,0.0,0.0,0.07757016842443035,0.015914073142478714,0.0,0.018852574015040445,0.11845302650766808,0.0,4.2609861597961657E-7,0.005435120264246907,0.014147515624917886,Democratic Republic of the Congo,00000000000000000052,COD
0.0,0.0,0.001079111179098982,0.004426287129480947,0.25920683885752943,4.5297115189657164E-4,339668.43,0.0,0.0,6.43274383786565E-5,0.6794144513224265,0.0,0.006017338732363205,0.0,0.0,0.02203519473387621,0.019928640409707786,0.0,7.380727140287957E-5,4.6092008020880837E-4,0.0,0.0,0.00493283994629704,0.0019072717473331273,Republic of the Congo,00000000000000000053,COG
7.276100998185386E-5,5.6389999777489E-4,0.0023942982246600063,0.016518850228106768,0.2499673721434478,0.009050910542703981,1151853.17,0.0,0.0,0.022274271294491468,0.5952237037295302,0.0,0.008417262071692699,0.0,0.0,0.04566018601138199,0.024214553318458117,0.0,3.799703047220854E-4,2.6256818827003793E-4,0.0,5.007929960378544E-4,0.017631327090066526,0.006867272848673934,Colombia,00000000000000000054,COL
0.0,0.0,0.01148814365019003,0.33522477109726556,0.005321526461613115,0.0014174636726167942,53828.53999999999,0.0,0.0,0.019114952774123173,0.4522576685156239,0.0,0.05099265185345916,0.0,0.0,0.10747997252015382,0.0023929684884635553,0.0,1.8205955428105612E-5,1.2707013788596162E-4,0.0,9.8200694278537E-4,0.00880629495059684,0.0043763029797947335,Costa Rica,00000000000000000055,CRI
0.0,8.183070254879133E-6,0.011234746082376878,0.11198853743375957,0.15009430988468747,0.04213924260113339,114871.31,0.0,8.008962377115748E-6,0.004674970625824673,0.19867536985518838,0.0,0.09185592120434598,0.0,3.8042571291299805E-4,0.2747249944307243,0.01875794748053278,0.0,1.6192032631994885E-5,1.3693584586090297E-4,0.0,0.0,0.0801043358868285,0.015199878890560228,Cuba,00000000000000000056,CUB
0.0,0.0048534633594071635,0.05583412669822973,0.1839105599011939,0.19864302439275422,0.1858998687731577,6218.24,0.0,0.15805276090983944,0.0,0.0,0.0,0.10640470615479622,0.08017863575545492,0.0,0.024407227768629067,5.2587227254014E-4,0.0,0.0,0.0,0.0,0.0,0.0,0.0012897540139975299,Cyprus,00000000000000000058,CYP
0.0,0.0,0.051644538963249935,0.5378030001237584,0.007206306380080942,7.339300414436503E-5,81206.65,0.0,0.21288231936670213,0.0,0.0,0.0,0.0,2.9234059033342714E-4,0.08549053556574493,0.03279448173271524,3.622856009944999E-4,0.0,8.495609657583462E-4,0.05743963086766909,0.006727158428527713,0.0,6.918152638977227E-4,0.005742633146423353,Czech Republic,00000000000000000059,CZE
1.9025729333147627E-6,2.965775454873012E-5,0.08077675561736056,0.5101406577765402,0.026122969891727365,3.0838468927934284E-4,357410.74000000005,0.0,0.15329125252363707,0.0,0.0,0.0,0.013307294570946579,2.1563425878024813E-4,0.08119744806773292,0.032092712155208314,3.8073841877275425E-4,0.0,3.245565592125183E-4,0.07357467769435243,0.015035362395657163,0.0,0.0028571609235917192,0.010342834129718651,Germany,0000000000000000005a,DEU
0.0,0.9107735228329139,1.3345899198240535E-4,4.885878850314771E-4,0.03238985748225041,0.02695780227776107,21879.38,0.0,0.0,0.0,0.0,0.0,0.019335557040464583,0.0,0.0,0.0,0.0,0.0,0.0,0.0,0.0,0.0,3.1216606686295496E-4,0.009609047422733186,Djibouti,0000000000000000005b,DJI
0.0,1.3324839722048518E-5,0.04385812552232787,0.6451511025136024,0.005258636307850551,0.0,42777.25,0.0,0.04196786843474043,0.0,0.0,0.0,0.13307049892173994,1.2857301486187168E-5,0.014687479910466428,0.028377934532958525,6.566574522672682E-4,0.0,0.0,0.025520340835373943,0.0011779625852526752,0.0,0.007951890315529868,0.05229532052668183,Denmark,0000000000000000005c,DNK
0.0,3.3329470852599014E-4,0.021119670866802973,0.048959642890813476,0.12817123166204206,0.08109444429908226,48155.58,0.0,5.856019177839826E-5,0.04195214760158636,0.21318837816925887,0.0,0.04218098920208208,0.0,0.02144839704972923,0.373078675409994,0.003858535189483752,0.0,0.002053759917334606,0.0014415774869703574,0.0,0.0,0.009950871736982505,0.011109823617533003,Dominican Republic,0000000000000000005d,DOM
0.0,0.9090000923180902,0.0015967591281156666,0.03392924296158901,0.020753912607327108,0.01863912987876614,2317963.8900000006,0.0,0.0,0.0,1.721338290563275E-6,0.0,0.0034323701220384402,0.0,7.470608181044614E-4,0.00998971127199052,0.0014227227672645062,0.0,1.5854000210503707E-4,1.704081766347102E-5,8.727918535434991E-5,0.0,5.297321521259763E-5,1.7144356808768054E-4,Algeria,0000000000000000005e,DZA
5.347051862853523E-4,3.247236239826463E-4,0.005853280917043124,0.05208316466343325,0.14248275977590796,0.01870742289808057,250736.30000000005,0.0,0.0,0.00935113902534256,0.6567726332405797,0.0,0.015226833928713152,0.0,0.0,0.025736241621177304,0.05535452983871899,0.0,0.0,0.0,0.0,5.908597997178708E-4,0.010666505009446178,0.006315200471571128,Ecuador,0000000000000000005f,ECU
0.0,0.9334950140690939,0.004546173958126187,0.04108210892736286,8.183273561310117E-4,7.710988075784193E-4,997278.1599999999,0.0,0.0,0.0,0.0,0.0,0.010656164374440929,0.0,2.9430104034364898E-5,0.0012612529286713749,1.9796883950612136E-4,0.0,0.0,0.0,3.44938868409592E-5,1.2343597296866505E-5,6.601468140042294E-4,0.006435476336912864,Egypt,00000000000000000060,EGY
0.0,0.4498320957084643,6.359706189286855E-4,0.05149970356022825,0.20703056884243623,0.2715317049713352,119282.23999999999,0.0,0.0,0.0,0.0,0.0,0.01481251525792943,0.0,0.0,0.004049974245956481,4.015685822130772E-5,0.0,1.6012442422275104E-5,8.048138599677538E-6,0.0,0.0,1.1208709695592571E-4,4.311622585223081E-4,Eritrea,00000000000000000061,ERI
0.0,0.9942596700401335,0.0,9.411055135442148E-6,0.00433249816251734,0.0012445344780209978,96694.79,0.0,0.0,0.0,0.0,0.0,1.5388626419272436E-4,0.0,0.0,0.0,0.0,0.0,0.0,0.0,0.0,0.0,0.0,0.0,Western Sahara,00000000000000000013,ESH
2.9269902309012994E-6,1.9399772666443103E-4,0.021399305224112077,0.30908755997691706,0.09459813399793138,0.10980110046071624,502222.37999999995,0.0,0.03873764048507755,0.0,0.0,0.0,0.024366875088282607,0.0046517042908362635,6.694245684551134E-5,0.277719264521824,0.06730253637840672,0.0,4.7506843482363336E-4,0.04556969364845908,2.907078732731903E-6,3.1858397071034555E-6,0.001293450921084003,0.0047277064793488505,Spain,00000000000000000062,ESP
0.0,1.9500487512187807E-4,0.008749696354349159,0.268107523583612,0.009453594548818946,0.0,44665.549999999996,0.0,0.10810725492017899,0.0,0.0,0.0,0.03538230246800946,2.3731936581996644E-5,0.2969543641576114,0.03703211983284657,0.009884575472595771,0.0,3.537401867882519E-5,0.14792362346372093,0.001253762687350766,0.0,0.02663753160993204,0.05025954007059132,Estonia,00000000000000000063,EST
0.0,0.0602611017105225,0.0013324556147270399,0.22353155400302957,0.07702369323637573,0.3962764043567611,1132405.45,0.0,0.0,2.2642066938127155E-5,0.02870012679645793,0.0,0.0,0.0,0.0,0.15867063338488877,0.010206865394369128,0.0,0.014333178986378068,0.020513253446457717,0.0,0.0,0.0027981408955599783,0.006329950107534364,Ethiopia,00000000000000000064,ETH
0.0,3.1368485259361257E-4,0.0049348883428438,0.058604359390186093,0.04518907944205881,0.011542694193340282,341266.08,0.0,0.6096463205484705,0.0,0.0,0.0,0.017717494806398573,0.0015680140258885382,0.07301258888665407,0.053919217520827144,0.009932455050909249,0.0,0.0,9.448932047392462E-4,1.6292272586833123E-4,0.0,0.02248544596052441,0.09002594104869724,Finland,00000000000000000065,FIN
0.0,2.957948011478079E-4,0.0065959137913291785,0.018807274690462634,0.019954255230577738,0.005811437019753611,19337.73,0.0,0.0,0.06229686731586386,0.604132439536595,0.0,0.23279205987465953,0.0,0.0,0.029722723401350622,3.92496947676899E-4,0.0,0.0,0.0,0.0,0.00436762743093424,0.0033649244249454304,0.011466185534703402,Fiji,00000000000000000066,FJI
0.0,0.001432564106480138,7.57517907051331E-5,0.0,0.6170575927424897,5.980726056477846E-4,16369.250000000002,0.0,0.0,0.0,0.0,0.0,0.3629964720436183,0.0,0.0,0.0,4.3190738732684755E-4,0.0,3.787589535256655E-5,5.705820364402767E-4,0.0,0.0,4.923866395833651E-4,0.016306794752355788,Falkland Islands,00000000000000000067,FLK
4.696050289337811E-4,0.0014165346215235426,0.04303267139395248,0.40769493227913084,0.1030090782085719,0.018866310560241302,559619.22,0.0,0.04820070332823809,0.0,0.0,0.0,0.030373885300079582,8.253826593018017E-5,0.03396153906222163,0.12288057225768623,0.019791779131531618,0.0,0.0038754029927706916,0.14159479726232418,0.01827696339664674,0.0,0.0020758579378313707,0.004396828972385903,France,00000000000000000068,FRA
0.0,0.0,0.0013443331265280772,2.2117944607611703E-5,0.05365286390643129,2.0266123406403945E-4,269464.46,0.0,0.0,2.208083396229692E-5,0.8548817161268687,0.0,0.03157447924672515,0.0,0.0,0.010512740715417536,0.03395175007494495,0.0,0.0,5.158379698755079E-5,0.0,0.0,0.007609983149540388,0.006173689843922274,Gabon,00000000000000000069,GAB
0.0,2.8446074943765E-5,0.054496158199545106,0.2936984022307805,0.4414217500289363,0.0014190230465618242,249946.60999999993,0.0,0.02711110984861928,0.0,0.0,0.0,0.09420539850490474,0.0022789666961276255,8.994720912598097E-4,0.06087344013187458,0.006173958510579522,0.0,4.072869802074932E-4,0.0024873712029941123,0.00585513042165285,0.0,8.276167458322402E-4,0.007816469285180545,United Kingdom,0000000000000000006a,GBR
0.005339403943530577,0.00853096496482431,0.016728316774599624,0.1673794998120438,0.28816455544924424,0.002351951014057963,69032.05,0.0,0.044795859314622696,0.0,0.0,0.0,0.016560278884952713,2.6958492468353467E-4,0.008615853071145938,0.05191617516791114,0.027385830204955525,0.0,0.002146249459490193,0.3538525945557172,0.0,0.0,0.0015876683366639118,0.0043752141215565804,Georgia,0000000000000000006b,GEO
0.0,1.8672099127570196E-4,0.014569248309591781,0.11200211808800663,0.029210252354282255,0.27673927974657203,243464.86000000002,0.0,0.0,0.003513689819549318,0.12283074444500944,0.0,0.01797171057868474,0.0,0.0,0.3035623703560341,0.04020711654240369,0.0,0.021252800096079574,0.022588270027962144,0.0,0.0,0.011664681301441202,0.023700997343107336,Ghana,0000000000000000006c,GHA
0.0,6.916801934600699E-5,0.0038720315669983473,0.01892945438079011,0.11795409764787826,0.06914255616447346,239561.58000000002,0.0,0.0,0.009342274332971088,0.05490646705536004,0.0,0.018421985695702955,0.0,0.0,0.36971057713010574,0.003664402280198686,0.0,0.28303929202670974,0.03894639532766481,0.0,0.0,0.011744454181676377,2.568441901243096E-4,Guinea,0000000000000000006d,GIN
0.0,0.0018604876616165002,0.015715061681225044,0.3348129318861923,0.022747847608239752,0.22146432497088087,14028.58,0.0,0.0,0.0,0.0,0.0,0.09034556598030592,0.0,0.0,0.1706452114184044,0.007593070717064734,0.0,0.01524601919795161,0.03796891773793214,0.0,0.0,0.0809803985863145,6.201625538721666E-4,Gambia,0000000000000000006e,GMB
0.0,0.0,0.003877826083951368,0.04970368885601919,0.057295944815764555,0.0028465775959192418,36169.75,0.0,0.0,6.181961445683202E-4,0.059334941491163196,0.0,0.14231422666731178,0.0,0.0,0.19703785621963105,0.04973603632870009,0.0,0.25597025138409857,0.11638205959399775,0.0,0.0,0.059774258876547394,0.005108135942327497,Guinea Bissau,0000000000000000006f,GNB
0.0,0.0,0.0027012047188663567,3.650774978399581E-5,0.0036463497966075812,1.0989201450132073E-4,27117.530000000002,0.0,0.0,0.0,0.8632629889226636,0.0,0.0970600935999702,0.0,0.0,0.00482381691842878,0.024317480242485208,0.0,0.0,0.0,0.0,0.0,0.003529082479119595,5.125835575732745E-4,Equatorial Guinea,00000000000000000070,GNQ
0.0,4.4692305710826625E-4,0.023774579252890726,0.2178669216327731,0.05627078733917514,0.10422489647052766,131991.39999999997,0.0,0.15804908501614504,0.0,0.0,0.0,0.14457957109326822,0.0027029033709772008,0.014019095183474078,0.13015658595938828,0.043145765557452996,0.0,5.564756491710825E-4,0.09304015261600379,4.613936968620684E-5,0.0,0.001314934154800995,0.009805184277157455,Greece,00000000000000000071,GRC
0.7731558581119035,0.00905381106206281,3.3377767656128033E-6,0.0,0.013413257890487739,0.002996178718794287,1965380.0899999999,0.06457664888627218,0.0,0.0,0.0,0.0,0.037096127294135764,0.0,0.0,3.5223212218456944E-4,7.937395967006057E-7,0.0,0.0,0.0,0.0,0.09193717333322533,5.0575458917974485E-6,0.0074095235186797895,Greenland,00000000000000000072,GRL
0.0,0.0,0.009674397882284637,0.34569806401481984,0.002524796817908075,0.007456428934763624,109442.47,0.0,2.101560756075772E-4,0.021882181569915227,0.4113588627888241,0.0,0.0012746422846633488,0.0,0.030052410184090328,0.15029531040372168,0.0025982600721639417,0.0,6.679308316049518E-4,8.513148506242594E-4,0.0,0.0,0.005341619208703898,0.010113624080304473,Guatemala,00000000000000000073,GTM
0.0,2.3209351633868024E-5,7.642675386506036E-4,0.0,0.005066554574094331,9.27201875878263E-5,85310.44,0.0,0.0,0.0,0.964382788319929,0.0,0.01651087487064889,0.0,0.0,4.175338915143328E-4,0.002779730124472456,0.0,0.0,0.0,0.0,0.0,0.0033756712543036938,0.00658664988716504,French Guiana,00000000000000000074,GUF
0.0,2.5215230342320824E-5,3.9977341565414887E-4,2.4485942961909653E-4,0.07961778096058493,5.649355576884431E-4,209793.84,0.0,0.0,1.4109089189653996E-5,0.8919840067754135,0.0,0.0025676159033077425,0.0,0.0,0.0021473938414969668,0.005775860721172747,0.0,0.0,0.0,0.0,0.0,0.012861769439941613,0.003796679635588919,Guyana,00000000000000000075,GUY
0.0,0.0,0.005052854418048606,0.21634001753655288,0.007117885904132163,0.015215864208690075,113785.19,0.0,0.0,0.06496293586186391,0.4408242408348573,0.0,0.017723396164298712,0.0,9.981088048453405E-4,0.17116594874956925,0.0020335686920239793,0.0,0.005981622037103423,0.003805504037915655,0.0,0.0,0.04174365750059388,0.00703439524950479,Honduras,00000000000000000076,HND
0.0,0.0,0.023670586624250423,0.31706456225923857,0.016986482862936688,0.05543167931177523,57543.98999999999,0.0,0.017374707593269083,0.0,0.0,0.0,0.0370384465866896,1.199082649638998E-5,0.02776328162159072,0.09008603678681303,0.021786810403658145,0.0,0.00651727487092918,0.37792356769143054,3.649381977162168E-5,0.0,0.002625122102238653,0.005682956638912248,Croatia,00000000000000000077,HRV
0.0,5.834919099635186E-4,0.015096845639230283,0.019835220482843936,0.26213505472207915,0.09721115398228848,28535.1,0.0,0.0,0.0316080896860358,0.046258117196014734,0.0,0.09525812070047064,0.0,7.5766336897365E-4,0.39656318008347613,4.313985232222772E-4,0.0,6.58837712151E-5,1.4333224695199946E-4,0.0,0.0,0.021463741146868245,0.012588706540366076,Haiti,00000000000000000078,HTI
0.0,0.0,0.05060736296017421,0.6921048707863645,0.005386239636846179,7.230163893445961E-4,92487.52999999998,0.0,0.003780725898940107,0.0,0.0,0.0,0.0,0.0,0.008021297573845903,0.03586807864800801,0.006178995157509344,0.0,0.0011468573114667459,0.17807849339256876,5.487226223902834E-4,0.0,0.005032245968726812,0.012523093653814737,Hungary,00000000000000000079,HUN
5.442095888113412E-7,9.182849677872176E-5,0.01263738770338205,0.05086630278248261,0.01668394880258691,0.001076254169339455,1819152.0699999998,0.0,0.0,0.009697259668896181,0.7021361606124551,0.0,0.05577754695351005,0.0,0.0,0.06801514400057826,0.06181174837131676,0.0,0.0,0.0,0.0,6.430468454459665E-5,0.012416053815665889,0.008725515728874719,Indonesia,0000000000000000007a,IDN
0.006479561533263566,0.03695678353563054,0.013043335945727194,0.6283870797231706,0.03544060806191663,0.032873197101484716,3142749.6900000004,0.0,0.022508887750459054,0.001149232473554074,0.07339764625034453,0.0,0.005182767196454643,5.315536281223847E-4,9.113038843383036E-6,0.04350311462444213,0.0038442196139394096,0.0,0.010130895916180965,0.07721547178006402,0.0,0.0,0.002528327351453815,0.006818204474948178,India,0000000000000000007b,IND
0.0,0.0011270970828860115,0.014572744531843443,0.06541181709391244,0.790892282625536,5.708162741121996E-4,58477.659999999996,0.0,0.03232636189614974,0.0,0.0,0.0,0.035615823204964085,0.0012897232892013805,0.0084047480696047,0.023974625523661516,0.0026830758959917344,0.0,0.0,1.0431333948725034E-5,0.0026651203211619616,0.0,0.0013952336670106159,0.01906009919001547,Ireland,0000000000000000007c,IRL
3.012975377846523E-5,0.6303444242560121,0.006161435740010367,0.11644238030148596,0.19396489533798872,0.025277806344240636,1617670.04,0.0,5.575920785427911E-5,0.0,0.0,0.0,0.0038233631377632485,1.8273194946479938E-5,5.8911890338279365E-6,0.005482440658912123,0.0012151798274016375,0.0,6.790816253232952E-4,0.00993740355109748,5.439922717490645E-7,0.0,4.7273546588029783E-4,0.006088256415999397,Iran,0000000000000000007d,IRN
0.0,0.5569432727255761,0.007922842405910027,0.3226637247228353,0.07705382616381665,0.010127310460232365,437225.66000000003,0.0,3.6594375545113247E-6,0.0,0.0,0.0,4.155748772841923E-4,5.4662848470512915E-6,0.0,0.007235394189810359,2.651948652784926E-4,0.0,1.8754617466870539E-6,0.0,0.0,0.0,0.005367640133472495,0.01199421827163575,Iraq,0000000000000000007e,IRQ
0.10428378711961528,0.19908033668583602,7.23127596842414E-4,9.684032821705804E-4,0.5634663813336119,2.1774474105663763E-4,107878.61,1.1355355802229932E-4,0.0,0.0,0.0,0.0,0.11192107499345792,0.0,0.0,6.926303555449964E-4,4.346552110747441E-4,0.0,0.0,0.0,0.0,0.0,0.003944618863739531,0.014153686259027624,Iceland,0000000000000000007f,ISL
0.0,0.4540240888325083,0.07044005989430366,0.2653592030185062,0.09605837654136878,0.06267151343388942,23033.91,0.0,0.005644721195836921,0.0,0.0,0.0,0.019086208116641943,5.096833320960271E-4,1.680131597284178E-4,0.012705615329746449,0.0016757901719681983,0.0,0.0,0.0,0.0,0.0,0.0,0.01165672697340573,Israel,00000000000000000080,ISR
0.002045709581153499,0.0037356891173931043,0.058372352085851,0.2749203590280614,0.08509266420159614,0.07653940201363707,315098.49,0.0,0.03258736657227396,0.0,0.0,0.0,0.062040601971783495,1.5785540578122097E-4,0.012424051921035866,0.1427464790453296,0.035145487368092435,0.0,7.325328661524211E-4,0.20408117474634677,3.0009664597250213E-4,2.2849998424302193E-6,0.0010594782602734783,0.008016414169423662,Italy,00000000000000000081,ITA
0.0,0.0,0.03674008852994707,0.027237082427864788,0.032733289892242556,0.016986161979629766,12461.32,0.0,0.0,0.05448138720456581,0.4318539287972703,0.0,0.14226983979225313,0.0,0.0,0.24277444123094505,0.0011218715192291026,0.0,0.0,0.0,0.0,0.0,0.012882262874238043,9.196457518144146E-4,Jamaica,00000000000000000082,JAM
0.0,0.8824642372500402,0.00947666165034539,0.044742137109963824,0.04502031458629602,0.008288095361797358,89115.76999999997,0.0,2.8390036914902946E-5,0.0,0.0,0.0,8.7571481456088E-4,6.620601493989226E-5,0.0,9.395643442232505E-4,4.813962781222674E-5,0.0,0.0,0.0,0.0,0.0,1.8964095804816595E-5,0.008031575107301438,Jordan,00000000000000000083,JOR
0.0,3.4355661423720866E-5,0.10173890315225555,0.05788911648484738,0.0019516487318991704,0.0013041557374263535,404591.2499999999,0.0,0.2581068918321887,0.0,1.7686986557420613E-4,9.93348224906001E-5,0.13799608864502141,2.6693607437135636E-5,0.025288955210969105,0.02020135136387651,0.013660206442922337,0.0023439706123155168,2.2778545013022407E-4,0.36100360549072685,0.009670822095139232,0.0,7.788601458879798E-4,0.007500384647468281,Japan,00000000000000000084,JPN
4.426628649374702E-4,0.05854235718494094,0.0017970717646827801,0.08921110578140805,0.7911716562059913,0.014015495395246833,2728961.689999999,0.0,0.0041154956631142756,0.0,0.0,2.3085703339426514E-7,0.0,2.3782671716435867E-4,1.4074217362868152E-4,0.0043595371981935025,0.0021563256170151666,3.6711398465985806E-4,3.6270937903858975E-4,0.002202240515879137,1.832198677732263E-6,1.3118542532563004E-6,0.011006951878463346,0.019867332765671774,Kazakhstan,00000000000000000085,KAZ
1.6757899038838001E-6,0.03895654622612282,0.002234149558121285,0.1391656170974445,0.1856132319558306,0.4930936974083383,590766.1800000002,0.0,0.0,1.4963618939730093E-4,0.013616165366812294,0.0,5.490835646685122E-4,0.0,0.0,0.08050330504701536,0.016798828937702556,0.0,2.8942076542025466E-4,0.0036931193319157157,0.0,0.0,0.004048522208905052,0.021287000552401285,Kenya,00000000000000000086,KEN
0.04060028768677623,0.07759221229088784,0.008038535222485006,0.02656214302397858,0.777487680139274,5.648054668145518E-4,195872.75,0.0,0.0046488345111813665,0.0,0.0,0.0,0.0,1.2028217299241472E-4,0.0,0.007730018596257008,0.019260004262971753,8.890465876442741E-4,0.0,0.0,0.0,0.0,2.0283576965147014E-4,0.03630331426908542,Kyrgyzstan,00000000000000000087,KGZ
0.0,1.332259989768814E-4,0.005428849716957854,0.49401407575478323,8.053368974397398E-4,1.1775246861795201E-4,182246.71,0.0,0.0,0.007056204197046959,0.36814074723214485,0.0,0.014148787651639913,0.0,0.0,0.0320629107653027,0.025561339351475813,0.0,3.1287258903055096E-4,0.025093950941556094,0.0,0.0,0.004464003767201065,0.022659942667826487,Cambodia,00000000000000000088,KHM
0.0,3.220840514175383E-5,0.06815328818031295,0.18746806294309903,0.002855744611377321,0.001050559421629933,99042.47,0.0,0.11433448701350037,0.0,0.0,0.0,0.07567713123471173,8.178309769536242E-6,0.008147817799778216,0.08636365793381365,0.05097611156103034,0.0,2.6978325560741767E-4,0.39193115842123083,0.0011060911546329568,0.0,0.00199167084585027,0.00963404890851369,South Korea,00000000000000000089,KOR
0.0,0.8909362232540697,0.031042167248232763,0.017959033546527493,6.280433055391616E-4,5.2286858930054605E-5,16638.98,0.0,0.0,0.0,0.0,0.0,0.05843988032920287,0.0,0.0,3.1432215195883404E-4,0.0,0.0,0.0,0.0,0.0,0.0,0.0,6.280433055391616E-4,Kuwait,0000000000000000008b,KWT
0.0,1.366554192998667E-4,0.0029128997651273183,0.12081784208082282,4.994253486808866E-4,8.208057133666115E-6,229043.24,0.0,0.014583097933822451,0.00649126339637878,0.8037187214082372,0.0,0.0,1.6241474753849974E-5,0.0,0.025982342897349863,0.013345864300557399,0.0,2.519174981981568E-5,9.754490025551507E-4,0.0,0.0,0.0013504436978799288,0.009136353467581055,Laos,0000000000000000008c,LAO
0.0,0.022091875564857543,0.10260686708208473,0.15323494902408477,0.3406447700137945,0.1805809906610221,10091.039999999997,0.0,0.06294098527010102,0.0,0.0,0.0,0.04015542501070257,0.02216322599058175,1.1297150739666082E-4,0.06702282420840669,0.007216302779495474,0.0,0.0,1.645023704196991E-4,0.0,0.0,0.0,0.0010643105170527521,Lebanon,0000000000000000008d,LBN
0.0,0.0,0.003664683170010509,3.013937424142454E-5,0.0037795386232008024,9.349315347458112E-4,98210.39999999998,0.0,0.0,0.003167892606078379,0.8698864885999854,0.0,0.06613118366283002,0.0,0.0,0.03714005848667759,0.012085176315339317,0.0,0.0,0.0,0.0,0.0,0.0030994680807735235,8.04395461173155E-5,Liberia,0000000000000000008e,LBR
0.0,0.9748452446049228,6.631668423772518E-4,0.013638798213614045,0.005939280203632324,0.001662676208287607,1634762.07,0.0,0.0,0.0,0.0,0.0,0.002334853536209095,0.0,5.321875372359232E-7,7.720511890760959E-4,5.383046353650718E-7,0.0,1.1864111821483598E-4,0.0,0.0,5.260704391067747E-7,1.0337895838261038E-6,2.2657731470366204E-5,Libya,0000000000000000008f,LBY
0.0,9.929467124207538E-5,0.01932482377490801,0.15641190367162322,0.005921573121345587,8.774344215305121E-4,65361.00999999999,0.0,0.01730144622918159,0.05018098710530943,0.5937832050024932,0.0,0.05268140746295078,0.0,0.0,0.07886291842797413,0.005498538042787283,0.0,0.0,3.526567291417315E-4,0.0,0.0,0.0034694996298251825,0.015234311709687476,Sri Lanka,00000000000000000090,LKA
0.0,9.49077104333028E-5,0.0038581256999898183,0.07523781472269496,0.9059300955622464,0.012322366220127709,27500.399999999998,0.0,0.0,0.0,0.0,0.0,0.0,0.0,0.0,6.95262614361973E-4,0.0,0.0,0.0,0.0,0.0,0.0,4.403572311675467E-4,0.001421070238978342,Lesotho,00000000000000000091,LSO
0.0,0.0,0.016376832623543135,0.575906757104457,0.01737170890882019,1.802028237625785E-5,63816.98000000001,0.0,0.09859554620102673,0.0,0.0,0.0,0.0017017414487492197,9.088490241938743E-6,0.14536773755198065,0.01737076872017447,0.0010544215661725139,0.0,1.6249593760155992E-4,0.10374903356442124,0.0029302546124871463,0.0,0.005775108756321592,0.013610484231626127,Lithuania,00000000000000000092,LTU
0.0,0.0,0.09926981919332405,0.3518403536658057,0.09528362805483806,0.0,2415.84,0.0,0.029472150473541292,0.0,0.0,0.0,0.0,0.0,0.17676667328962184,0.04583498907212398,2.6491820650374195E-4,0.0,8.858202529968872E-4,0.15177743559176105,0.04754040002649181,0.0,2.6491820650374195E-4,7.988939664878468E-4,Luxembourg,00000000000000000093,LUX
0.0,0.0,0.008050874632604251,0.3407603977494028,0.010668906627123229,0.0,63929.700000000004,0.0,0.12053349225790204,0.0,0.0,0.0,0.015296802581585708,2.5809600232755663E-5,0.2300731897693873,0.05720017456675066,0.003715643902599261,0.0,1.1825489561189869E-4,0.18095470493370058,0.005160981515633579,0.0,0.013413796717331693,0.01402697025013413,Latvia,00000000000000000094,LVA
0.0,0.6036038419942855,0.0035746331075043342,0.13937120191324803,0.08542163102417029,0.09523959186706042,591806.1899999998,0.0,0.0,0.0,7.096917996075711E-6,0.0,0.023784594074624337,0.0,0.0016482929994361842,0.04237328102296464,0.002657930968920755,0.0,2.7460003417672943E-4,6.32808521316751E-5,7.679541168705927E-4,0.0,1.03581207895105E-4,0.0011084878987156254,Morocco,00000000000000000095,MAR
0.0,0.0,0.04401233823088084,0.8249119029277,0.020677365162751413,0.0,32322.300000000003,0.0,4.2385597559579606E-5,0.0,0.0,0.0,0.0,0.0,0.003299888931171358,0.0255585153284265,7.39427577864199E-4,0.0,3.5362582489488676E-4,0.06704844642862666,0.001847950176812912,0.0,0.00407118305318619,0.007436970760125361,Moldova,00000000000000000096,MDA
0.0,0.0010224339170651045,9.049235047092741E-4,0.043734202273481154,0.5496087726265662,0.08157703487138879,589309.4800000001,0.0,0.0,5.853630591518737E-4,0.08435470951527878,0.0,0.01590615850944736,0.0,0.0,0.12136629806124956,0.008933557288099284,0.0,0.025579683530629775,0.05945147870351584,0.0,0.0,0.004574964583973772,0.002400419555443092,Madagascar,00000000000000000097,MDG
4.7732176746807E-7,0.015069748947944743,0.008870131339552863,0.11953614723723167,0.01121585807529869,0.4409567699526314,1969321.4599999997,0.0,0.019549220775769132,0.0014845570209751336,0.09944273394552863,0.0,0.017342465764832525,0.008919371649969225,0.045215045795519854,0.13509888324682148,0.01928078313837092,0.0,0.005270495554341849,0.034101446292064484,7.694376112673855E-4,8.541012902992487E-6,0.011180678445458062,0.006687206871751655,Mexico,00000000000000000098,MEX
0.0,0.0,0.0178348406846804,0.199343857260624,0.11144291550187098,0.10286286361376477,25061.620000000003,0.0,0.01409126784302052,0.0,0.0,0.0,0.0,2.9926237809048256E-5,0.018068664356095093,0.18450762560441025,0.02689091926220252,0.0,0.00507948009745579,0.30097655299218484,8.977871342714476E-5,0.0,4.792188214488927E-4,0.018302089011005673,Macedonia,00000000000000000099,MKD
0.0,0.5551141161068854,0.0012908823452010968,0.0688608685806331,0.17231909631172806,0.13637605962578522,1234597.41,0.0,0.0,0.0,0.0,0.0,0.0,0.0,0.0,0.04701474304891017,1.5843221313739837E-5,0.0,0.011036958193521565,3.2170811050057205E-4,0.0,0.0,0.006175980881087383,0.0014737435744337096,Mali,0000000000000000009a,MLI
0.0,0.0,0.3951271186440678,0.38142898889538285,0.11966686148451197,0.008839859731151374,273.76,0.0,0.0,0.0,0.0,0.0,0.0864625949736996,0.0,0.0,0.002958796025715956,0.0,0.0,0.0,0.0,0.0,0.0,0.0,0.005515780245470486,Malta,0000000000000000009b,MLT
2.3543929367034707E-5,0.0010641561774782599,0.004294898310090326,0.25962232300004995,0.005308081880488955,0.0044439166680278015,679580.6999999998,0.0,0.024197037967676253,0.006061987928733115,0.571622928667633,0.0,0.02297494616901275,4.888308334830581E-5,0.0,0.03476868898719462,0.011337888200768507,0.0,1.1811695064324225E-4,0.0396933285480297,0.0,0.0,0.0034848252753499334,0.010934448256108512,Myanmar,0000000000000000009c,MMR
0.0,0.0,0.013151259566682285,0.09823132591055478,0.1975158236086009,0.04788435935768421,13445.1,0.0,0.09033179373898297,0.0,0.0,0.0,0.009519453183687738,5.957560747037954E-4,0.03883570966374367,0.16645618106224572,0.03662226387308387,0.0,0.004141285672847357,0.2753947534789626,4.3435898580151874E-4,0.0,0.0040074079032509985,0.016878267919167578,Montenegro,0000000000000000009d,MNE
3.39164272916339E-4,0.3615952960241884,1.3116156307286055E-4,0.008174526569955216,0.5629321351320494,5.1426003846991436E-5,1544354.8800000001,0.0,0.0038201452764535567,0.0,0.0,7.919164279132527E-6,0.0,0.0,4.399247924155877E-5,1.4510913450152077E-4,0.00953004402718629,0.043347465577341905,2.1394046425391552E-5,7.41403426652817E-4,0.0,0.0,4.988166968462586E-4,0.008620000605042281,Mongolia,0000000000000000009e,MNG
0.0,6.17940565361862E-5,0.0037115887429476245,0.04866200579364899,0.0321571239892073,0.09971432701365403,811081.2399999999,0.0,0.0,0.0,0.002720023459055717,0.0,0.004971869402379471,0.0,0.0,0.3549583393150605,0.014791452949891926,0.0,0.18788445902163883,0.2182959502305836,2.2069305905780786E-6,0.0,0.015034067364201398,0.017034791730603956,Mozambique,0000000000000000009f,MOZ
0.0,0.8060204091682188,2.564230726935573E-4,0.0023307812621251906,0.1787703026410522,0.00624750124025667,1052947.37,0.0,0.0,0.0,0.0,0.0,0.004938584917116987,0.0,0.0,2.523013092287794E-4,0.0,0.0,8.158052571991323E-6,0.0,0.0,0.0,9.499240213687032E-4,2.2561431536696842E-4,Mauritania,000000000000000000a0,MRT
0.0,8.812955188011359E-6,0.007644519200686547,0.3317969714549281,0.021818808698890368,0.11074827115448724,111199.93000000001,0.0,0.0,0.0,0.004277340822067064,0.0,0.0,0.0,0.0,0.25537345212357593,0.022548935057782857,0.0,0.044306952351498785,0.06921686011852704,0.0,0.0,0.009340923146264571,0.12291815291610345,Malawi,000000000000000000a1,MWI
0.0,2.3476038474684315E-5,0.02047101684952746,0.020899380634692735,0.0059165825984012635,4.6833809753022614E-5,338217.2,0.0,2.3416904876511307E-5,0.005418618568186361,0.8333173179838281,0.0,0.0396348263778424,0.0,0.0,0.03564871922539717,0.027339532111317816,0.0,0.0,0.0,0.0,0.0,7.923606487192253E-4,0.010467918248983197,Malaysia,000000000000000000a2,MYS
0.0,0.2747451784008703,2.4832447026314463E-4,0.007758527986053887,0.13568450509352362,0.5165248713583025,825210.6600000001,0.0,0.0,0.0,0.0,0.0,0.00754427966308627,0.0,0.0,0.015658595588185928,2.390904644881829E-5,0.0,0.0382230520386152,4.1504553516068243E-4,0.0,1.1391030746015808E-6,0.0029390798223571176,2.3349189405769428E-4,Namibia,000000000000000000a3,NAM
0.0,0.0,0.002673240500756614,3.962908895739744E-5,0.1329357789075897,1.1931801783912055E-4,23215.27,0.0,0.0,0.042833876151343486,0.42281351886064644,0.0,0.3318341763847674,0.0,0.0,0.04915600809294917,3.588155554512181E-4,0.0,0.0,0.0,0.0,0.0,0.008867870156151533,0.008367768283547855,New Caledonia,000000000000000000a4,NCL
0.0,0.7009254054207396,3.4693700637337846E-4,0.0741255617954397,0.19328611811300017,0.02157692762780133,1181597.7900000003,0.0,0.0,0.0,0.0,0.0,0.0,0.0,0.0,4.240698520602344E-4,0.0,0.0,6.124757562385081E-5,8.209223207839613E-7,0.0,8.124592040748483E-7,0.008446605168413524,8.054940590232483E-4,Niger,000000000000000000a5,NER
0.0,2.7848368264506016E-4,0.016367733703127486,0.41684098138648606,0.06436265726513532,0.1417926453414063,905044.0500000002,0.0,0.0,2.2651936112943888E-4,0.06369906525544253,0.0,0.010071620270858637,0.0,0.0,0.18465178573352312,0.01816133700895553,0.0,0.03631885099957289,0.02648395953766007,0.0,0.0,0.016737561006008487,0.004006799448048964,Nigeria,000000000000000000a6,NGA
0.0,0.0,0.0029521633437235052,0.3686350611834946,0.010175364353988183,0.014978429052010736,129542.29000000001,0.0,0.0,0.03194215572381806,0.20918226781385446,0.0,0.01651862106189415,0.0,3.736231619805393E-5,0.20147652168261035,0.006173350803046635,0.0,0.0025986108474691932,9.656306060360674E-4,0.0,0.0,0.060356428777042614,0.07400803243481337,Nicaragua,000000000000000000a7,NIC
0.0,1.501611980461025E-5,0.11458801022898082,0.5057091287497129,0.03647815930401286,1.551665713143059E-5,39957.06,0.0,0.04195228577878352,0.0,0.0,0.0,0.15125236941857084,8.531658735652724E-4,0.03771123300863477,0.041810133177966544,3.53129084071751E-4,0.0,1.5266388468020422E-5,0.008005844273827955,0.025906310424240426,0.0,0.012917617061915966,0.022416814450312413,Netherlands,000000000000000000a8,NLD
0.030238275741185552,0.0234533461279545,0.0030752774848273753,0.015224991445831077,0.3713038773259427,0.011380501871873887,388319.43,0.005580457305471426,0.19188954825155158,0.0,0.0,0.0,0.1238329485599008,0.0017948882959577892,0.009717154766116133,0.044107682172895644,0.05552006501451653,0.0,2.3511571388534437E-5,0.0033156466056823374,1.68675566916649E-5,0.07904430638456592,6.48126208879118E-4,0.029832527308767422,Norway,000000000000000000a9,NOR
0.03802012820559604,0.08066164252182123,0.003804301850763855,0.17047230654957884,0.14943764499264686,0.008454881390084915,150718.85000000003,0.0,0.23419094559174244,0.002043208264925057,0.11980412536321766,0.0,0.0,0.0017384023299010039,6.762259664268934E-4,0.11618029198073099,0.009916012496114452,0.0,1.2241335440125767E-4,0.06301945642499261,0.0,0.0,6.340281922267851E-4,8.23984524828845E-4,Nepal,000000000000000000aa,NPL
0.006081558593969757,0.012734809771840884,0.00656130062241846,0.07340942646984565,0.44431120678098784,0.00704057443417273,277649.22000000003,0.0,0.0,1.8224434414042292E-4,0.26293418004199687,0.0,0.07093205592293757,0.0,0.05088089208390356,0.020531554167521157,0.003397812534823616,5.006316963541261E-6,0.0,0.0,0.01980264882429707,0.0,0.0030011969779709805,0.018193532112209785,New Zealand,000000000000000000ab,NZL
0.0,0.9664200192718957,0.0020651971862489017,0.002324098985828305,0.009972523346938052,0.0044540944108073756,309113.33999999997,0.0,0.0,0.0,0.0,0.0,0.013027713394704998,0.0,0.0,0.0010825155588561788,3.181033856384199E-4,0.0,0.0,0.0,0.0,1.2260874926976624E-5,0.0,3.234735841552487E-4,Oman,000000000000000000ac,OMN
0.025880880590856293,0.4736112775079982,0.007398926387585517,0.2577225472035719,0.08626501898556391,0.08864318731542291,874248.4599999998,0.0,0.008499345826700113,1.8758969275164638E-6,1.8596544053391874E-4,0.0,0.004886151014781313,0.0010887751520889156,0.0,0.03451421578712304,0.003164546609553079,0.0,1.9674040947123893E-6,1.874753087926515E-5,0.0,0.0,0.001682462214460178,0.006434109131859381,Pakistan,000000000000000000ad,PAK
0.0,0.0,0.006739664753398932,0.21583111016388165,0.014760215263215378,0.001422394400669037,75260.42,0.0,0.0,0.029169382791113845,0.5145769848215038,0.0,0.05659614974245426,0.0,0.0,0.13868604506857654,0.004547410179215051,0.0,0.0,0.0,0.0,1.30480271037552E-4,0.010763293640933707,0.00677686890400027,Panama,000000000000000000ae,PAN
0.0015473438789414256,0.08452411375163042,0.001444405511647022,0.008084006565910013,0.24448303615034334,0.036020746357381166,1309521.45,0.0,0.0,4.5055390272530474E-4,0.5718930300836232,0.0,0.014503870860610953,0.0,0.0,0.012754941891177117,0.012335399317055861,0.0,0.0,7.407286073855453E-7,0.0,3.278984089951333E-4,0.0019861835787416847,0.009643729012609912,Peru,000000000000000000af,PER
0.0,7.420377308701076E-4,0.014457725457605049,0.19043156614683307,0.007398375544385412,7.931242536123869E-4,292249.29,0.0,0.0,0.06350215598470745,0.5092649155794357,0.0,0.13368282263406012,0.0,0.0,0.054171354873094824,0.006876731847663343,0.0,0.0,0.0,0.0,3.3533015597745337E-6,0.007587426474158415,0.011088410172014448,Philippines,000000000000000000b0,PHL
0.0,1.339439731864057E-4,2.5850196560950816E-4,2.8155789542028294E-4,0.0280745448369808,5.491444570896855E-4,464522.57999999996,0.0,0.0,0.015202748594051125,0.8349006844834109,0.0,0.053848663287799706,0.0,0.0,0.024219640733072655,0.02546560815192235,0.0,0.0,0.0,0.0,1.2983222473275682E-4,0.009402621504427191,0.007532507892296646,Papua New Guinea,000000000000000000b1,PNG
0.0,0.0,0.03859947178452552,0.5525671899737142,0.010111144614436407,3.866594498828454E-6,310350.62,0.0,0.19450371969612948,0.0,0.0,0.0,0.009682951495311981,2.251646863151103E-4,0.06800089524551296,0.05154972785296836,4.1433782217029243E-4,0.0,4.751077990435463E-4,0.048169518720471705,0.009019959425246193,0.0,0.005769313430081113,0.010907630859574247,Poland,000000000000000000b2,POL
0.0,0.0,0.11515544434663072,0.013542023530228061,0.08280029662137843,0.007101133145704411,9223.88,0.0,0.0,0.02950060061492561,0.38757876295008176,0.0,0.09125443956339416,0.0,0.0,0.25482877053907904,0.0014343204811857917,0.0,0.0,0.0,0.0,0.0,0.010365486107798454,0.006438722099593664,Puerto Rico,0000000000000000000b,PRI
0.0,8.168526412962003E-5,0.019118889876560508,0.26555759945638696,0.05427842493932322,7.240212397609791E-4,125604.04999999999,0.0,0.023547011422004306,0.0,0.0,0.0,0.02182254473482344,0.0,8.977417527539917E-4,0.044921879509458494,0.018339376795573074,0.016007843696122858,0.007439250565566955,0.5145736940807244,6.0507603058977804E-6,0.0,0.0027478413315494207,0.009936144574955983,North Korea,0000000000000000000c,PRK
0.0,1.6273826836418385E-5,0.05091545093864115,0.08938313738182607,0.1403709640240292,0.1435024979788871,93401.50999999998,0.0,0.01695101074918382,0.0,0.0,0.0,0.07318768186938307,4.1434019642723134E-5,0.0,0.3902761315100795,0.07304164568645626,0.0,0.002208315475841879,0.008747181924574883,0.0,0.0,0.002353709270867249,0.009004565343750869,Portugal,0000000000000000000d,PRT
0.0,1.54262630358776E-5,0.0025915374262324327,0.11717071669620582,0.23303583324025237,0.04413384075022577,401263.74000000005,0.0,0.0,0.0010777450262513127,0.10498125247997736,0.0,0.0,0.0,0.0,0.1834156507637595,0.1686716821210907,0.0,0.005022656669650739,0.07678804967525846,0.0,0.0,0.05266052696413585,0.010435081923923652,Paraguay,0000000000000000000e,PRY
0.0,0.1148304739738378,0.09059459717089231,0.1039934385990694,0.5067212655719082,0.16245822170941968,5035.51,0.0,0.0,0.0,0.0,0.0,0.0,0.0,0.0,0.004905163528619742,1.68801174061813E-4,0.0,0.0,0.0,0.0,0.0,0.0,0.016328038272190898,West Bank,00000000000000000006,PSE
0.0,0.8709664319563821,0.031006123184055715,0.012328469627735837,0.0,1.589061606152847E-4,11327.439999999999,0.0,0.0,0.0,0.0,0.0,0.08409402300961207,0.0,0.0,7.945308030764234E-5,0.0,0.0,0.0,0.0,0.0,0.0,0.0,0.0013665929812914483,Qatar,0000000000000000000f,QAT
0.0,0.0,0.030706512995665392,0.49446512808566634,0.03486627200576029,0.002642245497139214,238376.79,0.0,0.053596786834825653,0.0,0.0,0.0,0.001225412927156205,1.9079038693322448E-4,0.03670130804261606,0.08346978747385599,0.0012746626884270068,0.0,0.003503529013877567,0.2364961370609949,0.00177278165378433,0.0,0.01131242685162427,0.007776218481673488,Romania,00000000000000000010,ROU
0.001597502263455322,0.0013057172366323512,0.003245160004648609,0.06675598854630371,0.250816261262384,0.022255966551533536,1.696903386E7,0.009278004351863553,0.10626608885793101,0.0,0.0,3.0343978581701055E-4,0.011045204550024983,3.2123219536082656E-5,0.04671554117577793,0.038338212143799684,0.09197993432491154,0.17215158942466746,0.0028366340946178064,0.0810984833523103,8.165597472618868E-4,0.0010980972843671374,0.06807510253857199,0.023988389283584117,Russia,00000000000000000011,RUS
0.0,0.0,0.011812757521323955,0.5765267668097466,0.027334121706498345,0.14166192658371202,23364.569999999996,0.0,0.0,0.0,0.05028981915781032,0.0,0.0,0.0,0.0,0.1181532551208946,0.029954328284235495,0.0,0.0,4.237184763083593E-5,0.0,0.0,0.016371369128556617,0.027853283839591316,Rwanda,00000000000000000012,RWA
0.0,0.9731369064848927,0.0027464147117464005,0.009606149555677616,0.0028175849164706586,0.007833201581217059,1920045.0599999998,0.0,0.0,0.0,0.0,0.0,0.0031990811715637553,0.0,0.0,4.338648177350588E-4,9.890392884841983E-6,0.0,0.0,0.0,0.0,4.739472103847397E-7,4.749888526053655E-6,2.1168253207557537E-4,Saudi Arabia,00000000000000000014,SAU
0.0,0.5958696554416415,0.0010109487844406396,0.0980174485811632,0.1844339079284736,0.09325407873429412,1849787.0799999998,0.0,0.0,0.0,0.0,0.0,2.5492663728627626E-4,0.0,0.0,0.021222561463668566,4.9113760703745426E-5,0.0,0.003072521189844185,1.727766419473532E-5,0.0,2.0813206242093554E-6,0.001014392424018877,0.0017810860696464593,Sudan,00000000000000000015,SDN
0.0,0.0018019361940720773,0.003809837347352393,0.19495967119679838,0.22818540961512737,0.3187654962397506,194402.00000000003,0.0,0.0,1.9958642400798342E-5,2.2782687420911304E-4,0.0,0.030680599993827218,0.0,0.0,0.09972186500138887,0.002369111428894764,0.0,0.040022530632400896,0.06359368730774374,0.0,0.0,0.013933807265357352,0.0019082622606763303,Senegal,00000000000000000017,SEN
0.0,0.0,8.724118851862277E-4,0.0,0.0010701909356526467,0.0,24724.56,0.0,0.0,0.0017848649278288471,0.6784189486081855,0.0,0.29060052029237327,0.0,0.0,0.0012291421970704432,0.0023927625001213364,0.0,0.0,0.0,0.0,0.0,5.439935028166325E-4,0.02308716515076507,Solomon Islands,00000000000000000018,SLB
0.0,0.0,0.004138316071375456,0.006174241756205369,0.037160217309303564,0.013140532175627908,75980.18,0.0,0.0,0.04154754568888887,0.3177531298293845,0.0,0.053528959789250305,0.0,0.0,0.3350007857312262,0.013911127875717064,0.0,0.09461796484293668,0.06001170305203278,0.0,0.0,0.0221544618609748,8.610140170765587E-4,Sierra Leone,00000000000000000019,SLE
0.0,0.0,0.02029511288091626,0.461606608690658,3.694893676084179E-4,0.001387499581213476,20893.699999999997,0.0,0.0,0.019018172942083023,0.19789410204990024,0.0,0.02348459104897649,0.0,0.0013908498734068165,0.19217419604952693,0.0029717091754930917,0.0,0.03295443124003886,0.022150696142856464,0.0,0.0,0.011305321699842538,0.01299721925747953,El Salvador,0000000000000000001a,SLV
0.0,0.1386576621339031,4.1609043844536035E-4,0.02001626939017172,0.04149349185152954,0.7219514833633424,484197.62000000005,0.0,0.0,0.0,0.0,0.0,0.026666529257207004,0.0,0.0,0.046398513896041035,0.0032736426915935682,0.0,2.3108333328858573E-4,8.252828669418077E-5,0.0,3.680315487713467E-5,6.25756896533279E-4,1.501453063730466E-4,Somalia,0000000000000000001c,SOM
0.0,0.0,0.030997646737806146,0.4343639128231119,0.018302495730596054,0.0069729778776594295,76374.83000000003,0.0,0.012621697488557416,0.0,0.0,0.0,0.0,0.0,0.012469029390965579,0.11727829705152859,0.006532780498496688,0.0,0.005523023750101962,0.3455676431620206,1.897221898889987E-4,0.0,0.0016886453298815846,0.007492127969384675,Republic of Serbia,0000000000000000001d,SRB
0.0,0.0,2.9683099428301496E-4,0.006573648740068529,0.3167941068429954,0.24849827024614538,624901.0499999999,0.0,0.0,1.5938523387022638E-5,0.003374806299333311,0.0,0.0,0.0,0.0,0.1755821501660143,0.0053848685323860486,0.0,0.12665096338052242,0.0730297060630639,0.0,0.0,0.04318466099552882,6.140492162719203E-4,South Sudan,00000000000000000016,SSD
0.0,8.907408905454126E-5,0.0013790193989502287,2.058755210054378E-5,0.02007168488595709,5.32919530467948E-4,144261.93000000002,0.0,0.0,1.3725034733695852E-5,0.945830961779036,0.0,0.0033864097062891083,0.0,0.0,0.0013770784849474838,0.004706716456656305,0.0,0.0,0.0,0.0,0.0,0.008712901595036194,0.013878921486770624,Suriname,0000000000000000001e,SUR
0.0,0.0,0.04405416717124399,0.3905766203305354,0.02072633638629165,4.2703174694226154E-5,47069.09999999999,0.0,0.09557714084186866,0.0,0.0,0.0,0.0,2.9254861469626574E-4,0.08203131141237034,0.05719484757516079,0.001966683025594286,0.0,0.0020325436432818986,0.29316366788402587,0.0071320675347521,0.0,6.6540469225033E-4,0.004543957713234373,Slovakia,0000000000000000001f,SVK
0.0,3.609469993795896E-5,0.027715498436419447,0.21710752768044997,0.022548202117764975,8.777812535636977E-4,19116.38,0.0,0.10510462754977667,0.0,0.0,0.0,0.0,3.258985226282382E-4,0.19939235357321833,0.05737121777240251,0.008941546464341052,0.0,0.0014547733409777373,0.35488727468275894,0.0017042975709836274,0.0,5.456053918158145E-4,0.001987300942960958,Slovenia,00000000000000000020,SVN
0.00126057135140253,0.004265631004816369,0.006902348713204708,0.06647982953332775,0.11809181175943814,0.009826350360997226,456586.61000000004,0.0,0.5959858305963024,0.0,0.0,0.0,0.019643874357156463,0.003489392735367338,0.013646041875822858,0.061202167098154715,0.013263091530432746,0.0,3.7648935872210534E-5,0.006563486388705091,2.5712536773691193E-5,0.0,0.004514499450608067,0.07480171177161765,Sweden,00000000000000000021,SWE
0.0,0.0,0.006851409808264309,0.29557172919845515,0.1815703645473355,0.03820857522032049,18114.52,0.0,0.0,0.0,0.009868878667499885,0.0,0.0,0.0,0.0,0.2939901250488558,0.019733893031667414,0.0,0.017311526885614412,0.13304299534296246,0.0,0.0,0.0010753804130609035,0.0027751218359636357,Swaziland,00000000000000000022,SWZ
0.0,0.38305854540145445,0.012630947043227432,0.4605986653466135,0.11188083624686729,0.017548642409823,185204.63999999993,0.0,0.002593725513572447,0.0,0.0,0.0,1.0815063812656102E-4,0.0010978666625199027,0.0,0.0032816132468387414,0.0012322045495188462,0.0,0.0,2.502097139682895E-4,0.0,0.0,6.560310799988599E-5,0.005652990119470011,Syria,00000000000000000023,SYR
0.0,0.529751884130079,3.6934189770192E-4,0.038734935172299756,0.23465142277185821,0.12943685068939598,1270557.1800000002,0.0,0.0,0.0,0.0,0.0,0.0,0.0,0.0,0.04607052002177501,6.926724856255583E-4,0.0,0.008242242194877052,0.00404180943670713,0.0,1.7362461404531198E-5,0.007001581778476116,9.893769597996366E-4,Chad,00000000000000000024,TCD
0.0,1.6238593823068547E-5,0.009505974408304186,0.3267064014669191,0.02290625886254063,0.1492641702644447,60965.87,0.0,0.0,7.495997350648813E-5,0.0347765069210035,0.0,0.02473285462833549,0.0,0.0,0.2522657349103687,0.014044743394951962,0.0,0.07626217751013806,0.08226816085787014,0.0,0.0,0.006174110202970941,0.0010017080048230263,Togo,00000000000000000025,TGO
0.0,1.503571973402733E-5,0.029522606292834895,0.4711423567437987,3.7071772606283036E-4,7.584511036629953E-5,510118.58,0.0,0.0011383235639054745,0.017861592102761677,0.41342603125728133,0.0,0.015528997199043406,0.0,0.0,0.02305307130745953,0.0036429568983744913,0.0,1.3114597786263736E-5,0.009645914093150656,0.0,0.0,0.004317819594024589,0.010245617793415797,Thailand,00000000000000000026,THA
0.08151599916249543,0.3484782556721734,0.011570820935585318,0.09273848775366932,0.4425011827216144,0.002695446105205351,138029.10000000003,0.0,1.1164312452953759E-4,0.0,0.0,0.0,0.0,0.0,0.0,0.002431878495186884,0.006812259154047949,2.7892669009650856E-5,0.0,0.0,0.0,0.0,0.0012091653136910982,0.009906968892791445,Tajikistan,00000000000000000027,TJK
0.0,0.4346540619038033,0.005591672396312342,0.09759366114186961,0.3169043621979757,0.12272164680313229,480745.26,0.0,0.0,0.0,0.0,0.0,0.0,0.0,0.0,1.6663710839291479E-4,3.30736490256815E-6,0.0,0.0,0.0,0.0,3.120155568460519E-6,3.522863647163157E-4,0.022009244563326532,Turkmenistan,00000000000000000028,TKM
0.0,0.0013350744589515587,0.0021365269982101575,0.009091286056017387,0.09143356679009082,0.009989266382022991,14710.789999999999,0.0,0.0,0.1987731454259085,0.406680402616039,0.0,0.09829111828800494,0.0,0.0,0.1704837061775744,0.0014431583891823623,0.0,0.0,0.0,0.0,0.0,0.003885583303140076,0.00645716511485787,East Timor,00000000000000000029,TLS
0.0,0.0,0.05050933182745649,0.005808566699015451,0.05077553087973617,0.004292782775112197,7738.570000000001,0.0,0.0,0.0010105226159355023,0.34133696535664854,0.0,0.37807501902806334,0.0,0.0,0.15219478534147782,0.00391545207964779,0.0,0.0,0.0,0.0,0.0,0.003156914003491601,0.008924129393415062,Trinidad and Tobago,0000000000000000002a,TTO
0.0,0.5345551497595782,0.00981237839639746,0.17253150966406866,0.1299588335627895,0.06522653571634958,156260.78999999998,0.0,0.0,0.0,1.0623266399715502E-5,0.0,0.025710224554733152,0.0,0.0017036903499591937,0.049601502718628274,0.0065587790769520635,0.0,6.957599536006442E-4,4.0918774313121036E-4,9.658852998247354E-4,0.0,2.404953923501859E-4,0.0020194445452374845,Tunisia,0000000000000000002b,TUN
1.4636816142657796E-5,0.0068068206711810325,0.012290105051522093,0.2717874705247828,0.36817706505818115,0.054497273820998816,798670.9600000001,0.0,0.09519566105170518,0.0,0.0,0.0,0.030149925571351682,0.021791627430650537,0.004639344843588653,0.053545868250925256,0.011469892432297775,0.0,1.628830976901927E-4,0.054524005730720436,0.0,1.978286527407983E-6,5.595420672362995E-4,0.01438589929449795,Turkey,0000000000000000002c,TUR
0.0,0.0,0.11172672356287784,0.10887483105178053,0.0027191786642700565,4.5081962441981347E-4,34359.64,0.0,0.08007388901629936,0.02133753438627413,0.5960644523632961,0.0,0.030548632057844614,2.648456153789737E-5,0.0,0.032085609744456,8.00357628892503E-5,0.0,0.0,0.0,0.0,0.0,0.009306558508762023,0.0067052506952925,Taiwan,0000000000000000002d,TWN
2.1227104611138206E-6,0.0016113194929037683,0.00343640021754566,0.22331312863185845,0.0659191330936243,0.1206860707417919,932769.7,0.0,0.0,1.050634470652295E-6,0.010194670774575976,0.0,6.96281193525047E-4,0.0,0.0,0.2337562637379838,0.02436109363329448,0.0,0.08929023959504688,0.14783605213591308,0.0,0.0,0.009512551704884926,0.06938362170212005,United Republic of Tanzania,0000000000000000002e,TZA
4.028331786426802E-6,0.0,0.004669813105750221,0.2839066110621247,0.06416518113454915,0.20091984311478756,245759.29999999993,0.0,0.0,1.0078967510079988E-4,0.03837730657598717,0.0,0.0,0.0,0.0,0.2024569161777398,0.014162637995795077,0.0,0.004379244244266648,0.0074414274454720555,0.0,0.0,0.02651565983464309,0.15290054130199757,Uganda,0000000000000000002f,UGA
0.0,2.314834888678438E-4,0.03188162584938609,0.6426187650344242,0.06726904538129638,4.366189934279224E-4,601943.5799999998,0.0,0.047226502523708296,0.0,0.0,0.0,0.013355404504854096,9.773341215799662E-5,0.042487785981536685,0.04321936617381982,0.0018057506319778347,0.0,5.807354901932837E-4,0.06416325596495275,0.01086354305830457,0.0,0.0163277927143936,0.017434590796698922,Ukraine,00000000000000000030,UKR
0.0,2.80435332884373E-5,0.002774839771632915,0.14925837010419135,0.7043006737176177,0.0011872139354649322,176867.86999999997,0.0,0.0,1.0425861972556126E-4,0.038029462332531065,0.0,0.002276218965038704,0.0,0.0,0.045828391555798126,0.018430424926811188,0.0,4.862386820172596E-6,0.0016083192498445311,0.0,0.0,0.018931533466197116,0.017237387435038373,Uruguay,00000000000000000000,URY
0.0078110461698649965,0.024391915651023475,0.01440305740637426,0.1539279434876342,0.2764499367101111,0.08597350432518887,9509686.459999999,5.440768233277799E-4,0.12000274612629028,9.293156022727589E-5,6.100148542647116E-4,3.680457830783204E-7,0.011834612053024513,0.011772429140634361,0.012363812465800266,0.10214804915871013,0.04344745662624087,0.0,1.8908089215803652E-4,0.08295535960288643,1.0988795523338422E-5,3.522723923749638E-7,0.019646462665815382,0.0314238551667244,United States of America,00000000000000000001,USA
3.8336599987127186E-4,0.3509382960890143,0.017416574917019926,0.13294976355375165,0.3801853020935568,0.08632446720331402,461282.43000000005,0.0,4.9210632193383124E-6,0.0,0.0,0.0,0.0,0.0,0.0,5.577710818077333E-4,0.001615647923117297,0.0,0.0,0.0,0.0,0.0,0.006283373940776369,0.02334051613455123,Uzbekistan,00000000000000000002,UZB
1.0787418950296296E-6,0.0014177200241871546,0.004232884127963049,0.02186498644764449,0.296893909113948,0.022929198349802293,908465.69,0.0,0.0,0.025758903454020377,0.5125533469513858,0.0,0.01037633022772715,0.0,0.0,0.04824997848845563,0.016034936883527216,0.0,3.1250492244786924E-5,6.346965068102902E-5,0.0,7.060255627265352E-5,0.027756238102949162,0.011765166387296366,Venezuela,00000000000000000003,VEN
0.0,2.3609838680784722E-4,0.03568945714007742,0.23174760514004616,0.003081332456796124,8.578469559245416E-4,336003.9899999999,0.0,0.004938036598910628,0.026349181151092887,0.540542866767743,0.0,0.02900775077105484,2.7380627236003965E-6,0.0,0.08717149460040642,0.00937182323340863,0.0,0.0,0.0014694468360331083,0.0,0.0,0.015010625320252899,0.014523696578722182,Vietnam,00000000000000000004,VNM
0.0,0.0,5.111369126262828E-4,0.0,1.4413260199383433E-4,0.0,7493.1,0.0,0.0,0.011150258237578571,0.6726988829723346,0.0,0.2706409897105337,0.0,0.0,0.0017602861299061802,2.5623573687792766E-4,0.0,0.0,0.0,0.0,0.0,0.0,0.042838077698148964,Vanuatu,00000000000000000005,VUT
0.0,0.8578459835572657,0.0012204880864073796,0.025712177375671087,0.019899357673878633,0.07702349227836028,455768.48,0.0,0.0,0.0,0.0,0.0,0.014184131381792793,0.0,0.0,0.0033284443013698534,9.632083377068989E-6,0.0,0.0,0.0,0.0,0.0,0.0,7.762932618771706E-4,Yemen,00000000000000000007,YEM
0.0,0.10263706132503615,0.00782135974710604,0.09299961727053771,0.5258605799760908,0.1772341601135424,1216342.21,0.0,0.0,6.905951245414726E-7,0.0018836146449279269,0.0,0.005203979560982267,0.0,1.0315353604311734E-4,0.04966449367896227,0.0036690085761308905,0.0,0.010640878770457206,0.019487903819435815,6.813871895475863E-5,2.03067852097314E-6,6.763721535241304E-4,0.002046956834623046,South Africa,00000000000000000008,ZAF
0.0,5.4216577242567755E-5,0.0029762453445371703,0.09368244126978628,0.11271143567278928,0.03521401275589965,751799.5800000001,0.0,0.0,0.0,6.491091681642066E-6,0.0,0.0,0.0,0.0,0.18664318753676343,0.0014347440843209835,0.0,0.2720756508004433,0.24769488432010028,0.0,0.0,0.03092038173258889,0.01658630881384637,Zambia,00000000000000000009,ZMB
0.0,2.2429670095163983E-5,0.002673382811484735,0.2795203292803132,0.01022628188620769,0.23957122656013102,376287.30000000005,0.0,0.0,0.0,1.1791522063061919E-4,0.0,0.0,0.0,0.0,0.21554341589524809,7.861546217477974E-4,0.0,0.2125814769725154,0.02693423349658625,0.0,0.0,0.002146205837932877,0.009876947747107064,Zimbabwe,0000000000000000000a,ZWE
0.0,0.0,0.027426629936374926,0.2733011498100864,0.09498442761467385,0.027958174478382967,11231.419999999998,0.0,0.014274241369301478,0.0,0.0,0.0,0.0,6.499623377987824E-5,0.008583954655778166,0.18193247158418083,0.007342793698392546,0.0,0.010025446470704507,0.35181036770061136,1.317731862934518E-4,0.0,6.58865931467259E-5,0.002097686668293057,Kosovo,0000000000000000008a,CS-KM
